OrdenCorrida;Modelo;Experto;iso37;iso36;iso35;iso34;iso33;iso32;iso31;iso41;iso42;iso43;iso44;iso45;iso46;iso47;ancho intercanino (3-3);anchura interpremolar (4-4);anchura interpremolar (5-5);ancho intermolar;voto_mayoritario;experto
1;1;Experto 1;9,9;8,71;7,18;6,69;6,27;5,49;5,21;5,25;5,65;5,42;6,39;6,26;9,18;9,44;26,91;31,48;36,4;38,73;1;Cuadrado
2;4;Experto 1;9,71;10,59;6,72;7,04;7,23;6,39;5,29;5,59;6,76;7,33;7,16;7,04;10,04;9,91;29,24;29,97;33,22;38,51;2;Ovalado
3;5;Experto 1;9,79;10,86;7,48;7,43;7,18;6,27;5,54;5,61;6,45;7,27;7,08;6,19;10,12;9,39;28,99;28,67;35,78;35,81;2;Ovalado
4;6;Experto 1;9,47;10,38;7,42;7,13;7,5;6,34;5,75;5,58;6,28;7,05;7,12;6,95;10,36;9,79;29,13;31,43;36,69;38,13;2;Ovalado
5;7;Experto 1;10,31;10,41;5,77;5,92;6,85;5,12;5,01;5,03;5,56;5,54;5,66;5,97;9,75;9,94;27,58;30,24;31,85;35,5;2;Cuadrado
6;8;Experto 1;8,86;10,45;6,73;7,37;7,37;6,66;5,42;5,54;6,89;6,34;6,76;6,43;10,3;8,96;28,39;29,23;32,78;34,94;2;Ovalado
7;9;Experto 1;10,67;9,55;7,6;6,76;6,12;5,89;5,57;5,49;6,03;6,04;6,68;6,51;9,69;8,76;26,82;25,09;30,9;33,61;2;Triangular
8;10;Experto 1;9,47;10,7;6,47;7,26;6,39;5,59;5;5,03;5,82;6,64;6,44;6,59;10,81;9,89;28,17;31,7;35,82;40,05;2;Ovalado
9;12;Experto 1;10,37;9,1;7,67;6,71;6,09;6,21;5,25;5,34;5,88;6,3;6,48;6,22;9,14;9,67;29,81;30,03;30,79;35,12;1;Cuadrado
10;13;Experto 1;9,99;10,75;6,52;7,05;6,34;6,3;5,33;5,33;5,88;6,48;7,3;7;10,99;9,95;28,11;28,99;33,74;35,94;2;Ovalado
11;14;Experto 1;9,01;10,73;6,61;7,27;7,04;6,15;5,85;5,63;6,29;6,47;7,24;6,88;10,72;9,01;27,31;32,56;32,15;36,04;2;Ovalado
12;15;Experto 1;10,31;10,71;8,03;7,49;6,41;5,76;5,39;5,1;5,62;6,58;7,69;7,15;10,69;10,36;29;26,01;27,17;31,79;2;Cuadrado
13;16;Experto 1;10,53;10,85;7,17;6,69;6,9;5,86;5,53;5,46;5,51;6,88;6,52;6,65;10,63;10,78;24,59;27,36;31,87;35,58;2;Ovalado
14;17;Experto 1;8,92;10,72;6,12;5,7;6,69;5,81;5,02;5,12;5,37;6,09;6,43;5,83;9,46;9,18;25,74;27,45;29,37;35,84;2;Cuadrado
15;18;Experto 1;10,91;10,91;7,22;7,52;7,03;6,75;5,74;5,79;6,31;6,93;7,18;7,46;11,97;11,21;33,47;34,86;39,61;43,25;2;Ovalado
16;19;Experto 1;9,37;10,35;6,65;6,8;6,53;5,83;5,74;5,01;5,91;6,44;7,1;7,29;10,12;8,94;25,62;26,39;31,2;33,6;2;Ovalado
17;20;Experto 1;10,88;10,92;7,33;7,23;7,23;6,83;5,54;5,71;6,88;7,42;7,68;7,13;10,93;9,38;30,53;31,14;35,28;37,49;2;Ovalado
18;21;Experto 1;9,63;10,51;6,86;7,31;7,13;6,4;5,33;5,4;6,21;7,06;7,08;6,38;10,16;10,37;27,58;28,7;31,47;34,84;2;Cuadrado
19;23;Experto 1;9,17;9,12;6;6,03;6,3;5,53;5,08;4,97;5,52;6,13;5,85;5,93;9,35;8,64;26,97;29,52;33,94;37,42;2;Ovalado
20;25;Experto 1;9,12;10,15;6,31;7,57;6,89;6,47;5,49;5,33;6,94;6,52;6,68;6,59;10,74;9,58;32,32;32,03;37,1;38,24;2;Ovalado
21;26;Experto 1;10,27;9,28;6,82;7,4;6,74;6,38;5,49;6,36;7,45;7,79;7,48;7,23;10,79;10,36;27,04;29,47;32,28;33,96;2;Cuadrado
22;27;Experto 1;9,42;10,3;6,47;7,07;6,82;6,29;5,89;5,9;6,14;7,3;7,24;6,88;10,63;10,14;25,45;25,81;30;35,18;2;Cuadrado
23;28;Experto 1;9,67;10,96;7,45;7,84;8,36;6,74;5,93;5,9;7,22;7,49;7,66;7,49;10,94;10,94;24,2;25,84;32,7;39,1;3;Triangular
24;29;Experto 1;10,16;10,65;7,62;7,62;7,05;6,34;5,96;6,04;6,49;6,53;7,95;7,48;10,42;9,89;31,23;30,68;33,53;36,29;2;Cuadrado
25;30;Experto 1;10,61;10,77;7,14;7,18;6,92;6,22;5,29;5,5;6,13;7,18;7,52;6,89;10,26;10,84;28,49;27,37;31,29;35,75;2;Cuadrado
26;31;Experto 1;9,71;10,37;6,61;6,47;6,91;5,96;5,08;5,15;5,51;6,61;7,74;6,93;10,64;9,67;30,86;31,63;38,3;41,98;2;Ovalado
27;32;Experto 1;9,65;10,24;6,63;7,01;6,57;5,79;5,12;5,06;5,75;6,44;6,59;6,31;9,24;9,56;28,98;27,24;29,8;36,54;1;Cuadrado
28;33;Experto 1;9,48;10,59;6,23;6,86;6,87;5,45;5,81;6,14;6,24;6,77;6,69;6,14;10,09;9,25;24,01;27,53;30,06;34,32;1;Cuadrado
29;34;Experto 1;9,41;10,47;6,97;6,86;7,78;5,96;5,4;5,4;5,9;6,7;7,02;7,15;10,67;9,55;23,3;27,97;32,24;34,45;1;Cuadrado
30;36;Experto 1;9,3;10,22;6,23;6,77;6,21;5,62;5,52;5,32;5,62;6,1;6,54;6,12;10,22;9,42;29,1;31,97;36,37;40,29;2;Ovalado
31;38;Experto 1;10,33;10,59;7,15;7,47;7,59;5,79;5,79;5,55;6,65;7,15;6,87;7,06;10,32;10,4;28,55;29,27;31,73;36,34;2;Cuadrado
32;39;Experto 1;9,08;10,38;6,09;6,54;6,54;6,62;5,75;5,35;6,4;6,67;6,57;6,12;10,99;9,32;26,06;28,68;31,55;36,41;2;Cuadrado
33;41;Experto 1;10,4;10,39;7,28;7,32;6,81;6,01;5,62;5,18;6,08;7,5;7,59;7,3;10,43;10,1;27,23;32,8;38,75;43,68;2;Ovalado
34;42;Experto 1;9,72;10,99;6,22;6,79;7,15;6,33;5,85;5,66;6,22;7,21;7,33;6,8;10,93;10,02;31,68;34,77;37,8;38,81;2;Ovalado
35;43;Experto 1;9,22;9,98;6,41;6,18;6,45;5,56;5,1;5,08;5,44;6,21;7,01;6,02;9,3;9,73;24,24;26,79;28,91;32,14;1;Cuadrado
36;44;Experto 1;9,56;10,51;6,87;6,4;6,61;5,65;5,02;5,26;5,79;6,23;6,41;6,37;10,23;9,73;29,43;32,21;36,22;39,66;2;Ovalado
37;45;Experto 1;10,9;10,08;7,13;7,79;7,52;5,78;5,19;5,11;6,03;7,08;7,77;7,97;10,24;10,4;27,99;28,9;33,37;36,92;1;Cuadrado
38;46;Experto 1;8,79;9,35;6,13;6,56;6,55;5,61;5,13;5,06;5,61;6,86;6,57;6,06;9,05;9,49;23,95;26,18;28,83;34,28;1;Cuadrado
39;47;Experto 1;9,96;10,67;6,9;7,34;7,77;6,07;5,63;5,47;6,08;6,91;7,77;7,18;10,79;9,33;25,91;25,32;29,28;36,2;1;Cuadrado
40;48;Experto 1;9,6;9,3;6,66;6,51;7,31;5,68;5,12;5,06;5,56;6,53;7,18;6,16;8,87;9,74;23,96;25,64;28,83;34,15;2;Ovalado
41;49;Experto 1;10,47;10,26;6,93;7,18;6,56;5,75;5,28;5,12;5,82;6,03;7,72;6,86;9,85;10,36;28,54;30,51;35,45;39,15;2;Ovalado
42;50;Experto 1;9,44;10,72;6,78;7,2;7,55;6,09;5,94;5,94;6,23;7,32;7,67;6,57;10,22;9,28;25,89;25,62;27,05;33,14;2;Ovalado
43;51;Experto 1;9,14;9,63;7,13;6,89;7,11;6;5,32;5,51;5,8;6,59;6,81;6,78;9,8;8,43;29,31;30,61;35,85;39,97;2;Ovalado
44;52;Experto 1;9,17;10,4;7,4;7,83;7,79;6,41;5,48;5,75;6,42;7,55;8;7,03;10,95;9,6;28,04;24,31;27,78;32,24;3;Cuadrado
45;53;Experto 1;8,76;10,02;6,66;6,68;7,16;6,42;5,53;5,42;6,39;7,05;7,68;6,85;10,54;9,09;25,75;27,43;34,02;39,15;2;Ovalado
46;54;Experto 1;8,65;9,02;6,37;7,09;6,08;5,53;5,04;5;5,28;6,15;6,21;6,25;9,2;8,96;25,69;28,67;32,33;34,34;2;Ovalado
47;55;Experto 1;9,25;10,43;6,45;7,08;6,93;5,88;5,35;5,33;5,33;6,59;6,89;6,64;10,33;9,6;24,46;26,07;28,93;32,36;3;Cuadrado
48;57;Experto 1;9,5;10,26;6,01;6,31;6,7;5,93;5,12;5,55;6,13;6,65;7,12;6,94;10,77;8,96;26,78;26,55;29,78;32;2;Cuadrado
49;59;Experto 1;10,67;10,87;7,68;8,41;7,28;6,04;5,82;5,78;5,98;7;7,7;7,51;10,59;9,15;29;31,77;37,89;40,05;2;Ovalado
50;60;Experto 1;10,29;10,62;6,87;6,93;6,9;5,77;5,18;5,35;6,22;7,18;7,04;7,05;10,74;9,85;26,54;30,83;36,09;38,53;2;Cuadrado
51;1;Experto 1;9,67;8,8;7,06;6,7;6,75;5,35;5,08;5,08;5,46;6,4;6,55;6,78;8,95;9,03;26,4;31,84;36,15;38,66;1;Cuadrado
52;4;Experto 1;9,87;10,18;6,73;7,09;7,47;6,49;5,3;5,58;6,48;7,32;7,33;7,5;10,69;9,49;29,76;29,84;32,93;37,99;2;Ovalado
53;5;Experto 1;9,89;10,66;7,37;7,37;7,2;6,28;5,61;5,58;6,33;7,17;7,35;6,66;9,91;9,58;29,38;28,75;35,07;35,4;2;Ovalado
54;6;Experto 1;9,79;10,46;7,32;7,75;7,46;6,75;5,46;5,85;6,28;7,05;7,49;6,12;10,53;9,9;29,46;31,12;36,46;38,26;2;Ovalado
55;7;Experto 1;10,28;10,19;5,63;5,97;6,25;5,21;5,85;5,02;5,01;5,84;5,75;5,99;9,55;9,46;27,22;30,24;31,96;35,02;2;Cuadrado
56;8;Experto 1;8,85;10,45;6,02;7,46;7,02;6,99;5,35;5,02;6,01;6,02;6,85;6,32;10,79;8,01;28,93;29,78;32,24;34,26;2;Ovalado
57;9;Experto 1;10,45;10;7,65;6,25;6,02;5,25;5,02;5,63;6,41;6,45;6,96;6,21;9,02;8,33;26,24;25,01;30,02;33,85;2;Ovalado
58;10;Experto 1;9,82;10,35;6,93;7,82;6,4;5,49;5,01;5,96;6;6,25;6,33;6,12;11;9,35;28,85;31,37;35,25;40,24;2;Ovalado
59;12;Experto 1;10,21;9,33;7,01;6,64;6,32;6,01;5,55;5,68;5,97;6,25;6,64;6,22;9,25;9,75;29,21;30,33;30,46;35,55;1;Cuadrado
60;13;Experto 1;9,33;10,02;6,54;7,7;6,56;6,96;5,52;5,33;5,85;6,25;7,33;7,65;10,36;9,37;28,01;28,65;33;36;2;Ovalado
61;14;Experto 1;9,12;10,63;6,93;7,82;7,97;6,32;5,32;5,46;6,32;6,01;7,67;6,79;10,35;9,21;27,77;32,25;32,27;36,34;2;Ovalado
62;15;Experto 1;10,52;11;8,45;7,34;6,5;5,9;5,3;5,02;5,02;6,33;7;7,75;10,55;10,34;28,24;26,97;27,33;31,25;2;Cuadrado
63;16;Experto 1;10,22;10,97;7,27;6,32;6,97;5,97;5,02;5,2;5,33;6,02;6,97;6,32;10,97;10,22;24,22;27,63;31,97;35,25;2;Ovalado
64;17;Experto 1;8,54;10,33;6,65;5,9;6,65;5,33;5,66;5,37;5,22;6,95;6,24;6;9,02;9,27;25,89;27;29,46;35,97;2;Cuadrado
65;18;Experto 1;10,85;10,99;7,33;7,65;7,15;6,66;5,63;5,52;6,33;6,63;7,96;7,63;11,51;11,25;33,89;34,67;39,54;43,34;2;Ovalado
66;19;Experto 1;9,56;10,25;6,58;6,95;6,02;5,65;5,37;5,01;5,85;6,54;7,25;7,63;10,56;8,55;25,25;26,65;31,97;33,2;2;Ovalado
67;20;Experto 1;10,02;10;7,32;7,52;7,66;6,65;5,33;5,63;6,97;7,23;7,32;7,13;10,33;9,01;30,01;31,33;35,12;37,02;2;Ovalado
68;21;Experto 1;9,55;10,34;6,01;7,36;7,13;6,67;5,33;5,4;6,63;7,22;7;6,52;10,33;10,52;27,21;28,01;31,36;34,85;2;Cuadrado
69;23;Experto 1;9,56;9,57;6,01;6,7;6,37;5,48;5,97;4,85;5,56;6,55;5,96;6;9,57;8,22;26,55;29,63;33,85;37,97;2;Ovalado
70;25;Experto 1;9,01;10,12;6,88;7,96;6,34;6,23;5,82;5,97;6,88;6,8;6,96;6,97;10,67;9,67;32,59;32,66;37;38,46;2;Ovalado
71;26;Experto 1;10,1;9,35;6,65;7,68;6,25;6,99;5,65;6,79;7,97;7,25;7,75;7,97;10,97;10,36;27,52;29,63;32,46;33,37;2;Cuadrado
72;27;Experto 1;9,52;10,21;6,97;7,21;6,97;6,49;5,75;5,76;6,45;7,97;7,25;6,25;10,63;10,99;25,12;25,97;29,85;35,85;2;Cuadrado
73;28;Experto 1;9,99;10,76;7,85;7,25;8,64;6,37;5,55;5,42;7,37;7,76;7,65;7,64;10,85;10,56;24,52;25,97;32,63;39,12;3;Triangular
74;29;Experto 1;10,26;10,45;7,24;7,21;7,21;6,21;5,36;6,23;6,32;6,32;7,32;7,37;10,32;9,99;31,25;30,63;33,56;36,64;2;Ovalado
75;30;Experto 1;10,33;10,65;7,63;7,33;6,33;6,33;5,36;5,97;6,13;6,33;7,33;6,64;10,97;10,97;28,33;27,52;31,36;35,36;2;Ovalado
76;31;Experto 1;9,36;10,85;6,97;6,33;6,99;5,97;5,13;5,45;5,33;6,63;7,54;6,36;10,66;9,97;30,53;31,37;38,7;41,36;2;Ovalado
77;32;Experto 1;9,99;10,63;6,33;7,13;6,24;5,97;5,23;5,36;5,25;6,63;6,25;6,36;9,97;9,36;28,25;27,36;29,97;36,36;1;Cuadrado
78;33;Experto 1;9,85;10,63;6,97;6,25;6,36;5,99;5,36;6,36;6,36;6,96;6,97;6,36;10,37;9,97;24,79;27,62;30,45;34,36;1;Cuadrado
79;34;Experto 1;9,85;10,36;6,85;6,97;7,65;5,97;5,63;5,7;5,97;6,99;7,63;7,37;10,37;9,53;23,33;27,36;32,63;34,33;1;Cuadrado
80;36;Experto 1;9,65;10,65;6,63;6,22;6,97;5,01;5,63;5,33;5,97;6,32;6,85;6,64;10,65;9,99;29,63;31,97;36,33;40,36;2;Ovalado
81;38;Experto 1;10,34;10,52;7,66;7,54;7,97;5,63;5,63;5,7;6,01;7,6;6,33;7,65;10,97;10,52;28,65;29,97;31,96;36,63;2;Cuadrado
82;39;Experto 1;9,66;10,02;6,49;6,97;6,36;6,97;5,36;5,97;6,36;6,63;6,88;6,96;11,02;9,65;26,52;28,65;31,96;36,36;2;Cuadrado
83;41;Experto 1;10,85;10,96;7,37;7,85;6,25;6,97;5,62;5,97;6,25;7,52;7,99;7,08;11;10,65;27,37;32,97;38,33;43,97;2;Ovalado
84;42;Experto 1;9,37;10,97;6,97;6,27;7,05;6,66;5,45;5,03;6,37;7,04;7,07;6,98;10,92;10,34;31,52;34,37;37,76;38,6;2;Ovalado
85;43;Experto 1;9,66;9,02;6,5;6,37;6,96;5,67;5;5,97;5,97;6,02;7,37;6;9,65;9,97;24,34;26,97;28,02;32,64;1;Cuadrado
86;44;Experto 1;9,96;10,23;6,96;6,01;6,75;6;5,14;5,99;5,89;6;6,68;6,97;10,65;9,97;29,32;32,97;36,36;39,37;2;Ovalado
87;45;Experto 1;10,25;10,53;7,03;7,63;7,96;5,97;5,02;5,63;6,97;7,63;7,97;7,25;10,7;10,37;27,99;28,9;33,37;36,92;1;Cuadrado
88;46;Experto 1;8,25;9,28;6,14;6,45;6,39;5,19;5,18;5,02;5,56;6,6;6,78;6,23;8,97;9,21;23,96;26,23;28,32;34,89;1;Cuadrado
89;47;Experto 1;9,65;10,97;6,34;7,97;7,75;6,67;5,96;5,01;6,97;6,37;7,99;7,64;10,79;9,37;25,37;25,97;29,97;36,75;1;Cuadrado
90;48;Experto 1;9,99;9,97;6,37;6,97;7,97;5,37;5,97;5,37;5,99;6,97;7,97;6,37;8,97;9,63;23,37;25,67;28,65;34,97;2;Ovalado
91;49;Experto 1;10,67;10,97;6,63;7,96;6,37;5,97;5,25;5,96;5,66;6,37;7,76;6,63;9,96;10,65;28,95;30,63;35,01;39,3;2;Ovalado
92;50;Experto 1;9,63;10,97;6,53;7,66;7,78;6,37;5,64;5,96;6,7;7,46;7,37;6,93;10,34;9,97;25,99;25,36;27,16;33,26;2;Cuadrado
93;51;Experto 1;9,63;9,97;7,37;6,64;7,97;5,36;5,36;5,26;5,99;6,67;6,37;6,64;9,97;8,66;29,65;30,97;35,37;39,63;2;Ovalado
94;52;Experto 1;9,59;10,86;7,97;7,46;7,97;6,37;5,97;5,66;6,97;7,66;7,35;7,33;10,66;9,66;28,85;24,66;27,97;32,66;3;Cuadrado
95;53;Experto 1;8,97;10,32;6,64;6,97;7,37;6,97;5,37;5,86;6,67;7,37;7,97;6,63;10;9,83;25,86;27,63;34,7;39,37;2;Ovalado
96;54;Experto 1;8,26;9,37;6,65;7,7;6,64;5,26;5,64;4,64;5,96;6,37;6,65;6,97;9,37;8,52;25,66;28,52;32,64;34,37;2;Ovalado
97;55;Experto 1;9,97;10,55;6,64;7,97;6,57;5,55;5,67;5,58;5,02;6,97;6,76;7;10,7;9,24;24,97;26,7;28,45;32,97;3;Cuadrado
98;57;Experto 1;9,66;10,65;6,7;6,97;6,63;5,37;5,99;5,97;6,06;6,64;7,67;6,25;10,63;8,96;26,63;26,97;29,7;31,25;2;Ovalado
99;59;Experto 1;10,66;10,97;7,96;8,97;7,01;6,35;5,96;5,46;5,25;7,1;7;7,66;10,17;9,02;28,85;31,63;37,97;40,1;2;Ovalado
100;60;Experto 1;10,97;10,12;6,3;6,45;6,63;5,63;5,97;5,99;6,02;7,65;7,37;7,97;10,97;9,63;26,52;30,97;36,11;38,65;2;Ovalado
101;1;Experto 2;9,26;9,07;6,68;6,16;6,74;5,14;5,07;5,19;5,39;6,7;6,59;6,37;8,83;9,08;26,75;31,67;35,93;37,45;1;Cuadrado
102;4;Experto 2;9,87;10,29;6,6;6,04;7,48;6,08;5,16;5,18;6,38;7,06;6,88;6,77;10,54;10,13;29,16;30;32,92;37,62;2;Ovalado
103;5;Experto 2;10,22;10,33;6,9;6,87;6,79;5,99;5,12;5,23;6,05;6,61;7,05;6,9;10,64;10,18;28,67;28,09;34,63;34,92;2;Ovalado
104;6;Experto 2;10,32;10,48;7,07;6,6;7,36;6,05;5,47;5,63;6,39;7,64;6,71;6,83;10,74;9,92;27,95;30,86;37,24;38,22;2;Ovalado
105;7;Experto 2;10,17;10,44;6,25;5,86;5,84;5,48;5,03;5,06;5,32;6,16;6,56;6,43;11,16;10,25;27,01;28,92;31,05;34,86;2;Ovalado
106;8;Experto 2;10,16;10,9;6,98;7,39;7,56;6,62;5,31;5,3;6,82;7,53;7,83;6,52;10,56;10,15;28,1;27,89;32,13;35,66;2;Ovalado
107;9;Experto 2;10,44;9,84;7,3;6,69;6,13;5,62;5,62;5,2;5,67;6,82;7,02;7,06;10,39;9,77;26,65;24,51;29,64;32,15;2;Ovalado
108;10;Experto 2;10,23;10,35;6,78;6,48;6,23;5,54;5,31;5,34;5,53;6,55;7,02;6,86;10,51;10,02;27,29;31,07;35,17;39,68;2;Ovalado
109;12;Experto 2;10,2;9,37;7,65;7,11;6,77;6,14;5,27;5,28;6,69;6,98;7,01;7,09;9,74;9,91;29,74;29,27;29,27;34,47;1;Cuadrado
110;13;Experto 2;10,33;10,88;7,53;7,48;6,82;5,82;5,08;5,14;6,06;7,18;7,7;7,16;10,96;9,93;28,5;28,14;32,97;34,54;2;Ovalado
111;14;Experto 2;9,76;10,92;7,05;7,08;6,97;5,96;5,79;5,66;6,18;6,69;7,44;7,1;10,74;10,1;27,28;31,91;32,27;34,47;2;Ovalado
112;15;Experto 2;10,36;11,12;7,42;7,36;6,95;5,7;5,29;5,13;5,24;7,31;7,64;8,39;11,4;10,53;28,79;25,24;26,09;31,3;2;Ovalado
113;16;Experto 2;10,58;11,11;7,56;6,5;7,21;5,43;5,27;5,19;5,64;7,13;6,76;7,26;11,35;10,84;25;27,45;31,67;34,69;2;Ovalado
114;17;Experto 2;9,76;10,9;6,6;6,1;6,41;5,4;5,29;5,21;5,2;6,34;6,06;6,05;10,14;9,46;25,19;26,47;29,17;34,84;2;Ovalado
115;18;Experto 2;11,89;12,56;7,46;7,36;7,32;6,05;5,85;5,68;5,67;7,54;7,57;7,8;12,11;11,62;33,21;35,9;39,8;42,44;2;Ovalado
116;19;Experto 2;9,83;10,72;7,17;6,84;6,55;5,63;5,22;5,27;5,76;6,81;6,91;6,62;10,54;9,38;26,99;25,78;31,23;32,67;2;Ovalado
117;20;Experto 2;9,67;11,04;6,7;7,18;7;6,47;5,17;5,38;6,68;7,58;7,32;6,77;11,01;10,1;30,8;30,4;34,69;36,51;2;Ovalado
118;21;Experto 2;10,59;11,95;7,11;6,77;7,04;6,08;5,19;5,34;5,99;6,89;6,72;6,96;11,39;10,84;27,61;28,07;30,58;33,77;2;Ovalado
119;23;Experto 2;8,86;8,81;5,41;5,36;6,73;5,14;4,98;4,65;5,2;6,13;5,83;5,42;9,56;9,17;26,82;29,36;33,88;37,19;2;Ovalado
120;25;Experto 2;10,09;11,26;6,37;6,71;6,4;6,1;5,13;5,05;6,62;7,11;6,85;6,81;10,84;9,81;31,14;31,36;36,09;37,92;2;Cuadrado
121;26;Experto 2;10,87;9,35;7,54;7,52;6,76;6,2;5,5;5,05;6,53;6,84;7,5;7,31;11,07;10,67;26,75;28,67;31,6;32,5;2;Ovalado
122;27;Experto 2;10,23;10,47;6,84;6,59;6,69;6,02;5,62;5,1;5,74;7,01;6,72;6,62;10,26;9,82;25,09;25,25;28,92;34,6;2;Ovalado
123;28;Experto 2;10,37;11,19;7,54;7,63;7,24;6,24;5,51;5,64;6,13;7,44;7,87;7,21;11,08;10,61;24;25,07;32,05;38,54;3;Triangular
124;29;Experto 2;10,38;10,61;7,86;7,13;6,4;5,87;5,45;5,5;6,16;7,57;7,13;7,67;10,46;9,76;31,27;28,93;31,87;35,59;2;Ovalado
125;30;Experto 2;10,9;11,07;6,69;7,06;6,36;6,19;5,17;5,14;5,96;6,96;7,16;6,96;10,02;11,03;28,22;26,16;31,23;35,39;2;Ovalado
126;31;Experto 2;9,74;10,34;6,63;5,97;6,14;5,37;4,88;4,7;5,24;6,2;6,66;7,1;10,06;9,52;30,07;31,2;37,53;40,14;2;Ovalado
127;32;Experto 2;9,61;9,99;6,95;6,89;6;5,48;4,76;4,63;5,46;5,96;6,65;6,52;9,35;9,71;28,92;26,44;30,26;34,98;1;Cuadrado
128;33;Experto 2;9,97;9,76;6,59;6,36;6,45;4,87;4,5;4,58;4,99;7,38;6,24;6,38;10,16;9,16;24,18;27,2;29,96;34,42;1;Cuadrado
129;34;Experto 2;9,98;10,01;6,59;6,09;6,1;5,56;4,92;4,99;5,19;6,24;6,4;6,85;10,24;10,23;23,96;26,67;30,94;33,2;1;Cuadrado
130;36;Experto 2;9,21;9,93;6,15;6,11;6,14;5,29;4,92;4,85;5,26;6,38;6,32;6,39;9,89;9,37;28,64;31,32;35,66;39,09;2;Ovalado
131;38;Experto 2;10,41;10,43;6,77;6,87;7,33;5,48;5,34;4,99;5,35;7,78;6,73;7,09;10,04;9,99;27,09;28,5;30,95;35,75;2;Ovalado
132;39;Experto 2;9,28;10,69;6,05;6;7,15;5,82;5,2;5,32;6,15;7,11;6,6;6,06;10,47;9,37;25,82;27,75;30,59;34,7;2;Ovalado
133;41;Experto 2;10,66;9,47;6,56;6,27;6,48;6,64;5,04;4,92;5,43;6,91;6,69;7,1;9,56;9,83;27,05;32,34;38,17;42,53;2;Ovalado
134;42;Experto 2;9,33;10,41;5,94;6,06;6,77;5,5;5,53;5,35;5,58;6,68;6,27;6,29;10,38;9,57;31,04;34,48;37,6;37,53;2;Ovalado
135;43;Experto 2;9,02;9,4;6,01;5,73;5,91;5,46;4,8;4,98;5,12;6,28;5,89;5,89;10,02;10,06;23,88;26,27;28,46;31,23;1;Ovalado
136;44;Experto 2;9,77;9,92;6,46;6,45;5,85;5,4;4,84;4,97;5,53;6,01;6,03;6,17;10,17;9,86;29,76;31,41;36,05;38,79;2;Ovalado
137;45;Experto 2;10,5;9,89;7,21;7,25;7,16;5,28;4,91;4,91;5,25;7,07;7,5;7;10,27;10,05;27,52;27,73;31,98;35,97;1;Cuadrado
138;46;Experto 2;7,94;8,4;5,83;5,67;6,12;5,18;4,81;4,78;5,18;6,65;6,17;6,21;9,05;8,34;23,58;25,56;29,08;33,24;1;Cuadrado
139;47;Experto 2;9,39;9,74;6,76;7,07;6,61;5,74;5,18;5,1;5,59;7,07;7,4;7,14;9,72;8,84;25,25;26;29,39;35,68;1;Triangular
140;48;Experto 2;8,25;9,73;5,99;5,13;6,4;5,04;4,44;4,49;4,96;6,1;5,7;6,03;9,97;8,21;24,07;24,98;28,06;33,96;2;Ovalado
141;49;Experto 2;10,07;9,47;6,52;6,54;6,52;5,35;4,93;4,82;5,31;6,16;6,78;6,8;10,89;9,87;27,87;30,4;35,02;38,29;2;Ovalado
142;50;Experto 2;8,9;9,5;6,42;6,59;6,81;5,43;5,39;5,02;5,43;6,83;6,41;6,54;10,1;9,4;25,61;25,42;26,64;33;2;Ovalado
143;51;Experto 2;9,53;9,22;6,54;6,27;6,6;5,65;4,9;4,93;5,77;6,75;6,3;6,52;9,49;9,91;28,89;30,4;35,75;39,31;2;Ovalado
144;52;Experto 2;8,9;10,45;6,81;7,16;7,33;5,82;4,8;4,92;5,81;7,48;6,88;6,9;10,42;9,45;27,83;23,22;26,64;31,42;3;Triangular
145;53;Experto 2;9,71;9,79;7,1;6,29;6,71;5,99;5,12;5,11;5,96;7;6,73;7,19;9,66;9,89;25,63;27,03;33,73;38,33;2;Ovalado
146;54;Experto 2;8,31;9,04;5,93;5,98;6,59;5,03;4,55;4,75;5,04;5,87;6,32;6,27;9,6;9,02;25,13;28,08;31,35;33,3;2;Ovalado
147;55;Experto 2;9,36;10,37;5,84;6,44;7,04;5,55;4,83;4,95;5,77;6,75;6,4;6,01;10,66;9,28;23,54;25,14;28,01;31,11;3;Triangular
148;57;Experto 2;9,15;10,12;5,66;6,21;6;5,52;4,66;5,04;5,94;6,18;6,79;5,7;9,76;8,65;26,62;25,45;29,08;30,47;2;Ovalado
149;59;Experto 2;9,35;11,26;7,05;7,63;6,65;5,4;5,82;5,77;5,87;6,62;7,51;7,33;11,23;9,55;28,81;31,68;37,23;38,83;2;Ovalado
150;60;Experto 2;9,54;11,09;6,94;6,02;7,04;5,23;4,95;5,07;5,41;7,52;6,69;6,45;10,65;9,97;26,23;30,49;35,65;37,52;2;Ovalado
151;1;Experto 2;9,26;8,93;6,88;6,74;6,21;5,27;4,94;4,85;5,17;6,4;6,6;6,24;8,76;9,14;26,74;31,57;36,03;38,47;1;Cuadrado
152;4;Experto 2;9,42;10,4;6,39;6,05;6,99;6,09;4,99;5,23;6,13;6,82;6,91;6,79;10,02;9,68;28,67;30,23;33,29;37,43;2;Ovalado
153;5;Experto 2;9,88;10,42;6,61;6,44;6,57;5,82;5,18;5,17;5,83;6,52;7,15;6,36;10,08;9,81;29,28;27,94;35,06;34,82;2;Ovalado
154;6;Experto 2;9,55;9,68;6,78;6,21;7,2;6,15;5,14;5,22;6,15;7,2;6,49;6,59;10,72;9,68;27,59;30,85;36,56;38,27;2;Ovalado
155;7;Experto 2;9,22;10,05;5,76;5,89;5,66;5,53;4,71;4,81;4,99;5,95;6,31;6,27;10,77;9,74;27,46;29,2;30,74;34,84;2;Ovalado
156;8;Experto 2;9,76;10,41;6,58;6,98;6,99;6,25;5,36;5,26;6,61;6,89;7,51;6,15;10,08;9,83;28,09;27,94;32,34;35,5;2;Ovalado
157;9;Experto 2;11;9,41;6,91;6,74;5,89;5,36;5,31;5,07;5,51;6,35;6,75;6,71;9,62;9,25;26,93;24,29;31,01;32,78;2;Ovalado
158;10;Experto 2;9,96;10,23;6,37;6,58;6,09;5,1;4,98;5,09;5,23;6,01;6,84;6,86;10,62;9,42;28,5;31,22;35,25;40,32;2;Ovalado
159;12;Experto 2;10;9,4;7,86;6,89;6,87;6,34;5,5;5,5;6,2;7,22;7,12;7,11;9,54;9,85;29,2;29,29;30,87;34,71;1;Cuadrado
160;13;Experto 2;10,11;10,22;7,1;7,02;6,99;6,39;5,46;5,33;6,33;6,93;7,59;7,4;10,47;9,55;28,72;28,05;32,82;34,83;2;Ovalado
161;14;Experto 2;9,54;10,39;6,79;6,83;7,33;6,03;5,79;5,44;6,35;6,44;7,89;6,63;10,59;10,01;27,38;31,77;33,02;35,5;2;Ovalado
162;15;Experto 2;10,22;11,15;7,2;7,21;6,4;6,55;5,84;5,59;5,63;7,01;7,2;7,9;11,48;10,22;28,38;25,2;26,06;31,52;2;Ovalado
163;16;Experto 2;10,38;10,84;7,51;6,82;7,29;5,58;5,34;5,78;5,83;7,33;7,1;7,01;11,22;10,98;24,96;27,37;31,92;34,17;2;Ovalado
164;17;Experto 2;9,39;10,49;6,39;5,83;6,55;5,59;5,58;5,32;5,43;6,89;6,48;6,45;10,01;9,57;25,47;26,49;29,7;35,22;2;Ovalado
165;18;Experto 2;11,23;11,5;7,28;7,33;7,11;5,98;6,23;5,87;5,12;7,34;6,98;7,12;11,78;11,57;33,73;35,45;40,05;42,55;2;Ovalado
166;19;Experto 2;9,38;10,68;6,84;6,9;6,88;5,86;5,32;5,34;5,13;7,13;7,04;6,9;10,49;9,57;26,12;25,66;31,49;32,89;2;Ovalado
167;20;Experto 2;9,88;10,92;6,9;7,44;7;6,34;5,19;5,65;6,04;7,04;7,65;6,9;11,48;10,11;30,65;30,65;34,12;36,35;2;Ovalado
168;21;Experto 2;10,24;11,8;6,94;6,73;7,09;6,12;5,45;5,34;6,12;6,88;7,22;6,91;11,59;10,98;27,1;28,28;30,56;34,39;2;Ovalado
169;23;Experto 2;8,92;8,83;5,48;5,24;6,47;5,3;5,32;4,89;5,83;6,01;5,89;5,51;9,79;9,34;26,49;29,56;33,43;37,23;2;Ovalado
170;25;Experto 2;9,69;11,42;6,49;6,6;6,61;6,13;5,33;5,38;6,34;6,98;6,67;6,66;10,58;10,02;32,47;31,49;36,89;38,15;2;Cuadrado
171;26;Experto 2;10,83;9,5;7,23;7,3;6,5;6,14;5,44;4,93;7,04;6,92;7,23;7,46;11,36;10,33;26,64;28,35;31,6;32,67;2;Ovalado
172;27;Experto 2;10,34;10,29;6,67;6,93;6,8;6,15;5,65;5,2;6,43;6,73;7,03;6,67;10,48;10,02;25,52;25,1;28,97;34,91;2;Ovalado
173;28;Experto 2;10,04;11,63;7,39;7,33;7,01;6,02;5,7;5,8;6,59;7,21;7,94;6,98;11,24;10,73;24,38;25,47;32,12;38,26;3;Triangular
174;29;Experto 2;9,84;10,2;7,4;7,02;6,2;6,43;5,87;5,4;6,34;7,74;7,3;7,35;10,89;9,84;31,54;29,33;32,81;35,48;2;Ovalado
175;30;Experto 2;10,6;11,35;7,28;6,94;6,7;6,3;5,34;5,23;6,33;7,03;7,5;6,64;10,44;11,12;28,45;26,26;31,34;35,88;2;Ovalado
176;31;Experto 2;9,28;10,02;7,03;6,09;6,49;5,83;4,89;4,8;5,79;6,63;6,74;7,21;10,22;9,7;30,29;30,79;37,56;40,9;2;Ovalado
177;32;Experto 2;9,36;10,02;7,18;6,38;6,03;6,02;4,89;4,9;5,94;6,22;6,98;7,04;9,46;9,8;28,49;26,49;30,65;34,33;1;Cuadrado
178;33;Experto 2;10,12;9,83;6,8;6,49;6,04;5,09;4,64;4,58;5,24;7,02;6,59;7,14;10,34;9,44;24,58;27,28;29,67;33,99;1;Cuadrado
179;34;Experto 2;10,24;10,1;6,3;6,24;6,4;5,32;4,77;5,02;5,45;6,46;6,83;7,45;10,57;10,44;23,78;26,54;30,78;33,49;1;Cuadrado
180;36;Experto 2;9,44;10,02;6,4;6,2;6,31;5,48;5,09;4,83;5,49;6,56;6,59;6,91;10,24;9,21;29,14;31,15;35,88;38,8;2;Ovalado
181;38;Experto 2;10,39;10,2;6,61;6,63;7,5;5,2;5,43;4,9;5,74;7,69;6,89;6,99;9,89;10,12;27,4;28,2;30,7;35,65;2;Ovalado
182;39;Experto 2;9,56;10,23;6,1;6,1;7,33;6,12;5,4;5,23;6,34;6,9;6,98;5,78;10,34;9,73;25,83;28,15;31;35,11;2;Ovalado
183;41;Experto 2;10,58;9,89;6,4;6,22;7,47;6,83;5,43;4,8;5,89;7,04;6,87;6,78;9,89;9,64;27,22;32,31;38,49;42,18;2;Ovalado
184;42;Experto 2;9,49;10,6;6,2;6,03;7,48;5,9;5,81;5,12;5,9;6,81;6,9;6,65;10,58;9,84;31,44;34,94;38,47;37,35;2;Ovalado
185;43;Experto 2;9,13;9,99;6,4;5,9;6,32;6,03;4,71;4,84;5,67;6,45;6,39;6,45;10,48;10,11;23,78;26,57;28,12;31,59;1;Ovalado
186;44;Experto 2;9,84;9,49;6,54;6,73;5,85;5,49;4,59;5,12;5,56;6,12;6,34;6,48;10,32;9,84;29,92;31,64;36,21;39,24;2;Ovalado
187;45;Experto 2;10,29;9,33;7,12;7,02;7,14;5,47;4,9;4,93;5,33;6,98;7,74;7,35;10,01;9,98;27,47;28,11;32,02;36,48;1;Cuadrado
188;46;Experto 2;8,23;8,4;6,09;5,9;6,11;5,22;4,81;4,88;5,12;6,95;6,48;6,9;9,23;8,46;23,47;25,64;28,98;33,01;1;Cuadrado
189;47;Experto 2;9,3;9,74;6,4;6,89;6,43;5,49;5,39;5,12;5,81;6,88;7,19;7,46;9,65;8,78;25,86;26,03;30,04;35,39;1;Triangular
190;48;Experto 2;8,44;9,36;6,41;5,32;6,98;4,99;4,64;4,64;5,33;6,39;6,04;6,47;10,23;8,45;23,89;25,13;28,22;33,76;2;Ovalado
191;49;Experto 2;10,22;9,56;6,89;6,3;6,37;5,6;5,03;4,9;5,55;6,39;6,83;7,03;10,98;9,74;28,16;29,99;34,85;38,14;2;Ovalado
192;50;Experto 2;9,1;9,58;6,77;6,53;6,39;5,83;5,87;5,01;5,73;7,23;6,9;6,58;10,33;9,64;25,28;25,47;26,48;32,89;2;Ovalado
193;51;Experto 2;9,48;9,44;6,86;6,49;6,02;5,34;4,67;5,23;6,03;7,22;6,58;6,89;9,76;10,22;28,96;30,88;35,98;39,95;2;Ovalado
194;52;Experto 2;9,04;10,01;7,03;7,21;6,65;6,09;4,94;5,04;6,39;7,38;7,32;6,67;10,13;9,65;27,64;23,33;26,24;31,28;3;Triangular
195;53;Experto 2;9,44;10,39;6,6;6,6;6,33;6,33;5,35;5;5,89;6,9;7,02;7,51;9,37;9,74;25,89;27,22;33,44;38,17;2;Ovalado
196;54;Experto 2;8,7;9,38;6,23;6,33;7,83;5,66;4,76;4,74;5,03;6,09;6,94;6,9;9,59;9,38;25,35;27,95;31,66;33,22;2;Ovalado
197;55;Experto 2;9,51;10,22;5,74;6,1;6,54;5,53;4,95;4,87;5,65;6,78;6,47;6,12;10,34;9,45;23,68;25,71;27,92;31,24;3;Triangular
198;57;Experto 2;9,39;10,33;5,9;5,9;6,04;6,04;4,67;4,89;6,04;6,09;6,78;6,04;9,69;8,94;26,22;25,24;28,89;30,36;2;Ovalado
199;59;Experto 2;9,46;11,04;7,04;7,49;6,66;5,3;5,79;5,44;5,94;6,12;7,88;7,02;11,45;9,74;28,38;31,34;37,13;38,38;2;Ovalado
200;60;Experto 2;9,89;10,65;6,5;6,23;7,1;5,23;4,49;5,12;5,12;7,03;7,12;6,33;10,69;10,22;26,48;31,06;36,47;37,83;2;Ovalado
201;1;Experto 3;9,13;8,76;6,72;5,67;6,19;4,71;4,93;4,82;4,96;6,14;5,94;5,94;8,77;9,17;26,59;31,58;38,54;38,01;1;Ovalado
202;4;Experto 3;9,41;10,4;6,53;6,11;6,63;5,84;4,97;5,27;5,88;6,62;6,55;6,61;10,2;10,41;30,89;29,85;31,8;37,12;2;Ovalado
203;5;Experto 3;9,41;10,13;6,28;6,87;5,64;5,49;4,91;5,3;6,17;4,93;5,86;5,98;10,42;9,49;28,81;29,39;35,97;35,83;2;Ovalado
204;6;Experto 3;10,19;10,57;6,81;6,34;6,64;5,53;5,37;5,48;6,32;6,29;6,82;6,82;10,35;10,1;28,97;30,82;37,12;38,85;2;Triangular
205;7;Experto 3;9,47;10,06;6,08;5,93;4,8;5,41;4,88;4,83;4,82;5,15;5,93;6,35;10,42;9,91;27,75;28,63;31,74;34,48;2;Ovalado
206;8;Experto 3;9,87;10,36;6,32;6,72;6,06;6,33;5,43;5,46;6,17;6,27;6,86;6,4;10,38;9,07;28,98;28,12;31,59;33,63;2;Triangular
207;9;Experto 3;11,11;9,22;7,06;6,95;5,73;5,62;5,22;5,59;5,65;5,02;7,03;6,51;9,61;8,92;27,28;24,34;30,8;32,19;2;Ovalado
208;10;Experto 3;9,91;10,12;6,72;6,39;5,96;4,95;4,62;4,73;5,1;5,54;6,54;6,72;10,4;9,98;27,94;31,25;36,3;39,98;2;Ovalado
209;12;Experto 3;10,06;9,47;7,3;7;6,49;6,02;5,44;5,1;6,17;6,1;7,36;6,68;9,31;9,37;29,42;29,02;33,01;34,88;1;Ovalado
210;13;Experto 3;10,73;11,01;6,8;7,31;6,39;5,63;5,18;4,8;5,65;6,28;7,4;7,02;10,96;10,07;29;28,15;33,7;33,86;2;Ovalado
211;14;Experto 3;10,05;11,01;7,07;7,76;5,87;5,43;5,46;5,46;5,92;5,71;7,4;7,02;10,44;8,75;27,46;31,83;32,48;35,78;2;Ovalado
212;15;Experto 3;10,95;11,66;8,1;7,77;5,67;5,3;5,25;4,9;4,84;5,55;7,46;8,54;11,09;10,81;29,08;25,19;25,33;30,47;2;Ovalado
213;16;Experto 3;10,99;11,33;7,28;6,9;6,11;5,47;5,19;5,12;5,57;6,59;6,53;7,44;11,1;11,32;25,67;26,85;30,9;33,65;2;Ovalado
214;17;Experto 3;9,57;11,15;5,13;5,63;5,52;4,99;4,68;4,97;4,32;5,29;5,64;6,02;11,01;9,82;26,3;26,19;29,28;34,25;2;Ovalado
215;18;Experto 3;12,35;12,5;7,67;7,77;5,43;5,68;5,84;5,48;5,65;5,31;7,23;7,41;12,06;12,57;34,23;35,27;39,28;40,85;2;Ovalado
216;19;Experto 3;10,33;10,85;7,19;7,05;6,21;6,04;4,8;4,76;5,62;6,31;7,36;6,8;10,6;10,03;27,37;25,64;30,53;31,97;2;Ovalado
217;20;Experto 3;9,97;11,26;6,34;6,78;5,94;5,63;5,22;5,05;5,68;5,68;6,48;6,2;11,17;9,23;32,61;30,79;34,76;36,67;2;Ovalado
218;21;Experto 3;10,9;12,04;7,53;6,46;7,79;5,5;5,04;5,03;5,7;5,56;6,59;7,54;12,05;11,11;27,17;27,81;28,63;33,03;2;Ovalado
219;23;Experto 3;10,31;9,37;6,11;6,14;5,63;4,83;4,7;4,4;4,99;5,33;5,59;5,8;9,18;9,39;29,28;29,22;33,7;38,81;2;Ovalado
220;25;Experto 3;11,74;11,5;6,77;7,04;6,2;5,89;5,25;5,33;6,48;6,04;7,35;6,64;11,6;10,28;33,1;31,47;36,38;37,25;2;Ovalado
221;26;Experto 3;10,96;10,19;7,18;6,58;6,72;6,03;5,28;4,81;6,41;6,76;7,48;7,66;11,39;10,77;28,19;28,12;31,86;32,85;2;Ovalado
222;27;Experto 3;10,87;10,6;7,4;6,32;5,8;6,02;5,69;5,56;6,57;5,28;5,91;6,72;10,49;9,65;24,58;24,84;29,07;33,47;2;Ovalado
223;28;Experto 3;11,91;11,76;7,45;7,72;5,7;5,89;5,29;5,61;5,82;5,87;7,57;7,45;11,56;11,38;24,18;25,35;31,93;37,34;3;Triangular
224;29;Experto 3;11,67;10,73;8,37;6,9;6,04;5,25;5,5;5,16;5,55;4,83;7,19;7,24;10,74;11,11;31,4;29,26;32,69;36,05;2;Ovalado
225;30;Experto 3;11,56;10,82;7,46;7,01;5,8;5,96;4,8;5;5,8;5,74;7,48;7,51;10,5;11,76;30,27;26,16;30,17;34,2;2;Ovalado
226;31;Experto 3;11;10,16;6,62;6,21;5,45;5,06;5,12;4,88;4,98;5,1;6,85;7,37;10,32;10,41;31,69;30,91;36,71;39,02;2;Ovalado
227;32;Experto 3;9,59;10,14;7,38;6,69;6,05;5,1;4,99;4,8;5,29;5,55;6,7;6,88;9,95;9,91;29,45;26,66;29,5;34,79;1;Ovalado
228;33;Experto 3;10,7;10,72;6,91;5,65;5,87;5,34;4,72;4,78;5,09;5,37;6,34;6,81;10,52;10,25;25,83;26,57;29,32;33,07;1;Cuadrado
229;34;Experto 3;10,57;10,44;7,06;7;5,97;6,19;5,94;5,96;5,82;5,54;7,08;7,22;10,34;10,69;23,93;27,4;31,74;32,94;1;Cuadrado
230;36;Experto 3;10,04;10,62;6,66;6,47;5,38;5,11;5,14;5,16;5,06;5,32;6,81;6,81;10,34;10,15;29,4;31,35;35,53;38,12;2;Ovalado
231;38;Experto 3;11,48;10,8;7,78;6,88;7,1;5,63;5,49;5,09;5,73;6,47;7,2;7,54;10,95;11,04;28,57;27,5;29,79;34,46;2;Ovalado
232;39;Experto 3;10,08;10,73;6,27;5,91;5,49;5,43;5,13;5;6,34;5,46;6,52;6,79;10,58;9,7;26,56;27,54;29,43;34,51;2;Ovalado
233;41;Experto 3;10,63;10,26;7,4;6,55;6,54;5,55;4,98;4,82;5,52;6,11;6,39;7,73;10,17;10,3;28,76;31,43;36,84;42,82;2;Ovalado
234;42;Experto 3;10,77;11,29;6,86;6,62;6,61;5,98;5,37;5,29;5,53;6,31;7,47;7;11,27;10,27;32,09;34,21;37,28;36,29;2;Cuadrado
235;43;Experto 3;9;9,68;6,57;5,56;5,25;5,29;4,79;4,81;5,07;5,13;5,49;6,06;9,91;9,46;25,07;25,88;27,72;30,12;1;Cuadrado
236;44;Experto 3;10,51;10,42;6,99;6,33;5,47;5,5;4,94;5,04;5,3;5,54;6,49;6,82;10,54;10,08;31,07;30,67;34,62;38,04;2;Ovalado
237;45;Experto 3;11,28;10,26;7,81;7,23;6,11;5;4,56;4,61;5,21;6,22;7,4;7,08;10,4;10,99;28,8;27,03;32,04;35,07;1;Cuadrado
238;46;Experto 3;9,92;9,74;6,69;6,38;5,88;5,22;4,37;4,69;5;5,13;5,21;6,58;9,4;9,16;24,36;24,7;28,36;32,46;1;Cuadrado
239;47;Experto 3;9,76;11,03;7,38;7,46;6,17;5,23;5,2;5,02;5,41;6,43;7,52;7,1;10,91;8,55;25,98;25,69;29,06;34,65;1;Cuadrado
240;48;Experto 3;8,75;10;6,6;5,81;5,94;5,2;4,52;4,46;5,04;4,95;5,59;6,2;9,8;8,37;26,8;24,44;27,53;33,75;2;Ovalado
241;49;Experto 3;11,04;10,52;7,25;7,33;5,87;5,28;4,84;4,87;5,16;5,69;6,9;7,06;10,36;10,84;30,12;29,67;33,15;36,63;2;Ovalado
242;50;Experto 3;9,66;10,43;6,85;6,95;6,45;5,13;5,66;5,47;5,51;6,46;6,66;7,25;10,93;9,9;26,77;25,04;25,58;31,29;2;Ovalado
243;51;Experto 3;9,18;10,45;6,96;6,23;6,07;5,85;4,89;4,94;5,49;6,15;6,5;6,72;10,35;10,29;30,79;30,2;35,11;39,29;2;Ovalado
244;52;Experto 3;10,14;11,09;7,8;7,64;6,47;6,13;5,1;5,31;5,89;6,94;7,83;7,33;11,33;10,31;28,57;22,67;25,77;30,09;3;Ovalado
245;53;Experto 3;10,11;10,39;7,44;7,02;6,18;5,7;5,11;5,13;5,99;6,1;7,01;6,84;10,69;10,14;26,9;26,27;31,97;36,41;2;Ovalado
246;54;Experto 3;9,25;9,95;6,76;5,81;5,97;5,09;4,35;4,49;5,08;5,71;6,48;6,37;9,7;9,08;26,33;28,24;31,03;33,14;2;Ovalado
247;55;Experto 3;10,06;11,22;7;6,39;6,65;5,42;4,5;4,99;5,45;5,76;6,57;6,98;11,2;10,4;25,19;24,93;27,59;29,51;3;Ovalado
248;57;Experto 3;9,46;10,72;6,51;6,38;6,3;5,59;4,82;4,96;5,68;5,79;6,15;6,52;10,67;9,75;27,72;25,17;28,14;30,5;2;Ovalado
249;59;Experto 3;10,93;11,86;7,33;8,02;6,12;5,7;5,58;5,34;5,6;6,24;7,91;7,63;11,85;8,97;30,3;30,64;36,6;37,68;2;Ovalado
250;60;Experto 3;10,95;11,73;7,58;6,44;6,88;5,4;4,98;4,7;5,27;6,31;6,98;7,56;11,5;10,34;28,38;30,49;34,91;36,4;2;Ovalado
251;1;Experto 3;9,5;8,81;6,83;5,78;6,12;8,86;4,88;4,92;4,96;6,26;5,91;5,85;8,92;9,33;27,52;30,67;36,3;37,96;1;Ovalado
252;4;Experto 3;9,56;10,45;6,58;6,18;6,6;5,88;4,97;5,28;5,78;6,55;6,43;6,5;10,3;10,28;30,71;29,59;31,35;37,09;2;Ovalado
253;5;Experto 3;9,39;10,49;6,31;6,48;5,59;5,44;4,86;5,13;5,96;4,98;5,76;5,95;10,54;9,68;28,86;29,03;35,56;35,78;2;Ovalado
254;6;Experto 3;10,48;10,51;6,88;6,57;6,81;5,41;5,27;5,43;6,12;6,38;6,98;6,87;10,49;10,96;28,14;30,49;37,46;38,14;2;Triangular
255;7;Experto 3;9,71;10,16;6,23;5,89;4,9;5,37;4,85;4,82;4,77;5,2;5,94;6,36;10,33;9,95;27,76;28,7;31,35;34,11;2;Ovalado
256;8;Experto 3;9,74;10,6;6,48;6,8;6,2;6,31;5,33;5,52;6,4;6,19;6,87;6,47;10,45;9,09;28,67;28,47;31,61;33,73;2;Triangular
257;9;Experto 3;10,2;9,36;7,11;6,96;5,8;5,61;5,23;5,49;5,64;5,17;5,06;6,52;9,75;8,89;27,61;24,41;30,45;32,25;2;Ovalado
258;10;Experto 3;9,92;10,25;6,73;6,44;5,97;4,86;4,65;4,73;5,1;5,61;6,44;6,74;10,42;9,72;27,8;31,33;36,09;39,58;2;Ovalado
259;12;Experto 3;10,2;9,61;7,35;6,9;6,34;5,96;5,24;5,31;5,95;6,21;7,09;6,85;9,69;9,47;29,08;29,25;33,4;35,4;1;Ovalado
260;13;Experto 3;10,74;11,2;6,68;7,43;6,28;5,87;5,22;4,95;5,59;6,02;7,37;7,13;10,84;10,22;29,01;28,25;33,91;33,73;2;Ovalado
261;14;Experto 3;10,04;11,31;7,1;7,78;5,8;5,55;5,47;5,43;5,83;5,84;7,32;7,08;10,47;8,62;27,17;31,37;32,77;35,6;2;Ovalado
262;15;Experto 3;10,67;11,74;8,05;7,59;5,68;5,33;5,29;4,84;4,87;5,44;7,47;8,45;11,42;10,59;29,45;25,01;25,29;30,47;2;Ovalado
263;16;Experto 3;10,66;11,41;7,55;6,84;6,13;5,33;5,21;5,19;5,53;6,56;6,75;7,34;11,09;11,28;25,41;26,5;30,18;33,49;2;Ovalado
264;17;Experto 3;9,83;11,19;5,25;5,6;5,63;5,1;4,73;4,99;4,33;5,35;5,28;6,33;11;9,27;26,12;26,07;29,9;34,03;2;Ovalado
265;18;Experto 3;12,42;12,57;7,92;7,35;5,39;5,57;5,72;5,53;5,51;5,24;7,11;7,53;12,44;12,37;34,39;35,82;39,6;40,73;2;Ovalado
266;19;Experto 3;10,27;10,99;7,17;7,01;6,46;6,06;4,79;4,85;5,58;6,24;7,27;6,67;10,92;10,04;27,47;25,29;30,36;31,49;2;Ovalado
267;20;Experto 3;9,47;11,17;6,5;6,81;5,91;5,53;5,34;5,09;5,74;5,59;6,61;6,25;11,2;9,27;32,36;30,27;34,99;36,7;2;Ovalado
268;21;Experto 3;10,8;12,11;7,34;6,49;7,67;5,5;5,15;5,18;5,66;5,75;6,63;7,49;12,15;11,25;27,12;27,82;28,69;33,09;2;Ovalado
269;23;Experto 3;10,29;9,31;6,16;6,22;5,64;4,91;4,64;4,5;4,91;5,51;5,83;5,78;9,27;9,28;29,05;29,46;33,72;38,79;2;Ovalado
270;25;Experto 3;11,67;11,61;6,71;7,17;6,41;5,76;5,18;5,29;6,4;6,14;7,28;6,62;11,57;10,15;33,08;31,18;36,16;37,65;2;Ovalado
271;26;Experto 3;10,88;10,08;7,19;6,55;6,7;6,04;5,19;4,79;6,39;6,78;7,43;7,57;11,39;10,69;28,34;28,08;31,68;32,3;2;Ovalado
272;27;Experto 3;10,16;10,47;7,39;6,58;5,85;6,19;5,78;5,65;6,57;5,37;6,03;6,84;10,51;9,75;24,42;24,75;29,67;33,35;2;Ovalado
273;28;Experto 3;11,89;11,42;7,51;7,75;5,75;5,93;5,38;5,59;5,74;6,01;7,61;7,29;11,22;11,45;24,16;25,55;31,44;37,05;3;Triangular
274;29;Experto 3;11,55;10,44;8,17;6,66;6,09;5,38;5,53;5,23;5,61;4,81;7,15;7,36;10,73;11,4;31,79;29,19;32,66;36,09;2;Ovalado
275;30;Experto 3;11,39;10,7;7,36;7,03;5,86;5,96;4,75;5,05;5,8;5,79;7,31;7,57;10,5;11,61;30,12;26,06;30,14;34,16;2;Ovalado
276;31;Experto 3;11,62;10,16;6,6;6,3;5,58;5,1;5,11;4,72;4,72;5,1;6,79;7,26;10,43;10,54;31,75;30,8;36,96;39,34;2;Ovalado
277;32;Experto 3;9,68;10,2;7,48;6,77;6,08;5,14;5,09;4,89;5,14;5,49;6,72;6,98;9,92;9,88;29,41;26,9;29,56;34,2;1;Ovalado
278;33;Experto 3;10,53;10,8;6,73;5,75;5,88;5,34;4,67;4,74;5,11;5,37;6,29;6,79;10,51;10,26;25,38;26,68;29,34;33,33;1;Cuadrado
279;34;Experto 3;10,49;10,16;7,03;7,1;5,89;6,09;5,98;5,95;5,79;5,49;7,05;7,15;10,33;10,69;23,21;27,36;31,75;35,57;1;Cuadrado
280;36;Experto 3;10,43;10,64;6,6;6,33;5,58;5,14;5,19;5,17;5,05;5,37;5,75;6,8;10,41;10,12;29,08;31,23;35,82;38,29;2;Ovalado
281;38;Experto 3;11,3;10,81;7,57;6,9;7,17;5,56;5,39;5,04;5,75;6,4;7,18;7,35;10,96;11,13;28,66;27,72;29,77;34,76;2;Ovalado
282;39;Experto 3;10,16;10,84;6,2;5,9;5,5;5,55;5,32;4,86;6,42;5,55;6,5;6,79;10,47;9,54;26,51;27,45;29,58;34,62;2;Ovalado
283;41;Experto 3;10,6;10,24;7,37;6,55;6,54;5,55;4,97;4,74;5,52;6,12;6,38;7,69;10,17;10,32;28,67;31,43;36,69;42,81;2;Ovalado
284;42;Experto 3;10,77;11,32;6,78;6,61;6,62;6,05;5,45;5,27;5,52;6,32;7,52;6,97;11,28;10,29;32,15;34,25;37,29;36,68;2;Cuadrado
285;43;Experto 3;8,92;9,73;6,52;6,56;5,24;5,28;4,8;4,84;5,07;5,13;5,49;6,11;9,82;9,5;25,07;25,78;27,78;30,15;1;Cuadrado
286;44;Experto 3;10,49;10,4;6,99;6,26;5,47;5,51;4,92;5,04;5,32;5,44;6,35;6,8;10,54;10,1;31,07;30,73;34,73;38,04;2;Ovalado
287;45;Experto 3;11,26;10,27;7,79;7,35;6,1;5,01;4,61;4,66;5,17;6,21;7,47;7,1;10,42;10,95;28,45;27,31;32,02;35,09;1;Cuadrado
288;46;Experto 3;9,92;9,75;6,68;6,36;5,9;5,25;4,35;4,68;4,98;5,13;5,24;6,56;9,41;9,17;24,43;24,74;28,35;32,48;1;Cuadrado
289;47;Experto 3;9,76;11,03;7,35;7,47;6,16;5,25;5,22;5,09;5,51;6,42;7,51;7,12;10,89;8,55;25,86;25,42;29,06;34,59;1;Cuadrado
290;48;Experto 3;8,69;9,8;6,66;5,81;5,95;5,19;4,55;4,46;5,07;4,93;5,5;6,13;9,7;8,27;26,64;24,38;27,62;33,53;2;Ovalado
291;49;Experto 3;11,11;10,38;7,27;7,32;5,93;5,24;4,87;4,89;5,19;5,66;6,83;7,17;10,38;10,9;30,22;29,45;33,19;36,59;2;Ovalado
292;50;Experto 3;9,51;10,52;6,85;6,93;6,46;5,14;5,59;5,48;5,51;6,47;6,67;7,26;10,85;9,89;26,76;25,14;25,78;31,43;2;Ovalado
293;51;Experto 3;9,19;10,38;6,94;6,13;6,12;5,82;4,9;4,95;5,48;6,17;6,49;6,71;10,22;10,3;30,83;30,09;35,2;39,23;2;Ovalado
294;52;Experto 3;10,15;11,08;7,76;7,63;6,48;6,22;5,1;5,2;5,88;6,91;7,85;7,27;11,43;10,32;28,28;22,88;25,88;30,11;3;Ovalado
295;53;Experto 3;10,11;10,4;7,47;7,04;6,16;6,71;5,13;5,13;5,93;6,11;6,9;6,86;10,7;10,23;26,66;26,27;31,95;36,65;2;Ovalado
296;54;Experto 3;9,28;9,88;6,76;5,86;5,88;5,08;4,5;4,55;5,09;5,62;6,39;6,4;9,71;6,06;26,45;28,42;31,11;34,24;2;Ovalado
297;55;Experto 3;10,04;11,19;6,85;6,4;6,64;5,42;4,48;4,98;5,48;5,77;6,57;6,97;11,23;10,41;25,25;24,85;27,49;29,83;3;Ovalado
298;57;Experto 3;9,51;10,66;6,61;6,35;6,26;5,6;4,77;4,95;5,77;5,7;6,18;6,62;10,67;9,82;27,76;25,14;28,19;30,64;2;Ovalado
299;59;Experto 3;10,82;11,86;7,33;8,04;6,18;5,72;5,61;5,43;5,61;6,24;7,89;7,6;11,9;8,96;30,48;30,75;36,64;37,57;2;Ovalado
300;60;Experto 3;10,91;11,77;7,56;6,47;6,91;5,4;5,02;4,68;5,28;6,33;6,94;7,56;11,49;10,35;28,4;30,5;34,84;36,4;2;Ovalado
